-- phpMyAdmin SQL Dump
-- version 4.6.4
-- https://www.phpmyadmin.net/
--
-- Host: 127.0.0.1
-- Generation Time: 2017-03-15 01:42:08
-- 服务器版本： 5.7.15
-- PHP Version: 5.5.36

SET SQL_MODE = "NO_AUTO_VALUE_ON_ZERO";
SET time_zone = "+00:00";


/*!40101 SET @OLD_CHARACTER_SET_CLIENT=@@CHARACTER_SET_CLIENT */;
/*!40101 SET @OLD_CHARACTER_SET_RESULTS=@@CHARACTER_SET_RESULTS */;
/*!40101 SET @OLD_COLLATION_CONNECTION=@@COLLATION_CONNECTION */;
/*!40101 SET NAMES utf8mb4 */;

--
-- Database: `HostelWorld`
--

-- --------------------------------------------------------

--
-- 表的结构 `Account`
--

CREATE TABLE `Account` (
  `account` varchar(20) COLLATE utf8_bin NOT NULL,
  `money` double NOT NULL DEFAULT '0'
) ENGINE=InnoDB DEFAULT CHARSET=utf8 COLLATE=utf8_bin;

--
-- 转存表中的数据 `Account`
--

INSERT INTO `Account` (`account`, `money`) VALUES
('12345678901234567890', 17000),
('12345678901234567891', 1400),
('12345678901234567892', 900);

-- --------------------------------------------------------

--
-- 表的结构 `App`
--

CREATE TABLE `App` (
  `id` varchar(1) COLLATE utf8_bin NOT NULL,
  `commission` double NOT NULL,
  `money` double NOT NULL
) ENGINE=InnoDB DEFAULT CHARSET=utf8 COLLATE=utf8_bin;

--
-- 转存表中的数据 `App`
--

INSERT INTO `App` (`id`, `commission`, `money`) VALUES
('0', 0.1, 2890);

-- --------------------------------------------------------

--
-- 表的结构 `Application`
--

CREATE TABLE `Application` (
  `id` varchar(7) COLLATE utf8_bin NOT NULL,
  `type` varchar(20) COLLATE utf8_bin NOT NULL,
  `state` varchar(20) COLLATE utf8_bin NOT NULL,
  `appliedTime` datetime NOT NULL,
  `checkedTime` datetime DEFAULT NULL,
  `hostelID` varchar(7) COLLATE utf8_bin NOT NULL,
  `name` varchar(64) COLLATE utf8_bin NOT NULL,
  `city` varchar(20) COLLATE utf8_bin DEFAULT NULL,
  `address` varchar(127) COLLATE utf8_bin NOT NULL,
  `introduction` varchar(255) COLLATE utf8_bin DEFAULT NULL,
  `facility` varchar(255) COLLATE utf8_bin DEFAULT NULL,
  `imageType` varchar(5) COLLATE utf8_bin DEFAULT NULL
) ENGINE=InnoDB DEFAULT CHARSET=utf8 COLLATE=utf8_bin;

--
-- 转存表中的数据 `Application`
--

INSERT INTO `Application` (`id`, `type`, `state`, `appliedTime`, `checkedTime`, `hostelID`, `name`, `city`, `address`, `introduction`, `facility`, `imageType`) VALUES
('0000000', 'Open', 'Passed', '2017-02-01 15:41:08', '2017-02-01 16:03:25', '0000000', '上海大酒店', 'ShangHai', '黄浦区南京东路666号', '位于市中心繁华地段', '早餐、Wifi、空调、停车场', 'png'),
('0000001', 'Open', 'Passed', '2017-02-01 16:18:46', '2017-02-01 16:20:58', '0000001', '仙林1号', 'NanJing', '栖霞区仙林大道', '位于仙林大学城', 'Wifi、空调', NULL),
('0000002', 'Open', 'Failed', '2017-02-01 16:20:34', '2017-02-01 16:21:05', '0000002', '仙林2号', 'NanJing', '栖霞区仙林大道', '靠近仙林大学城', '无', 'png'),
('0000003', 'Open', 'Passed', '2017-02-01 16:22:24', '2017-02-01 16:26:40', '0000003', '仙林3号', 'NanJing', '仙林中心地铁站', '仙林中心地铁站，交通便利', '停车场', NULL),
('0000004', 'Open', 'Passed', '2017-02-01 16:24:22', '2017-02-01 16:26:45', '0000004', '新街口旅舍', 'NanJing', '鼓楼区', '位于市中心', 'Wifi、空调、洗衣机', 'png'),
('0000005', 'Open', 'Passed', '2017-02-01 16:32:27', '2017-02-01 16:32:55', '0000002', '仙林2号', 'NanJing', '栖霞区仙林大道', '靠近仙林大学城', 'Wifi', 'png'),
('0000006', 'Edit', 'Passed', '2017-02-01 16:33:37', '2017-02-01 22:08:13', '0000003', '仙林3号', 'NanJing', '仙林中心地铁站', '仙林中心地铁站，交通便利', '停车场', 'png'),
('0000007', 'Edit', 'Passed', '2017-02-01 16:43:05', '2017-02-01 22:08:19', '0000001', '仙林1号', 'NanJing', '栖霞区仙林大道', '位于仙林大学城', 'Wifi、空调、游泳池', 'png');

-- --------------------------------------------------------

--
-- 表的结构 `BookOrder`
--

CREATE TABLE `BookOrder` (
  `id` varchar(12) COLLATE utf8_bin NOT NULL,
  `hostelID` varchar(7) COLLATE utf8_bin NOT NULL,
  `memberID` varchar(7) COLLATE utf8_bin DEFAULT NULL,
  `state` varchar(20) COLLATE utf8_bin DEFAULT NULL,
  `bookedTime` datetime DEFAULT NULL,
  `cancelledTime` datetime DEFAULT NULL,
  `checkInDate` date DEFAULT NULL,
  `checkOutDate` date DEFAULT NULL,
  `checkInTime` datetime DEFAULT NULL,
  `checkOutTime` datetime DEFAULT NULL,
  `accountedTime` datetime DEFAULT NULL,
  `peopleQuantity` int(11) NOT NULL DEFAULT '0',
  `totalPrice` double NOT NULL DEFAULT '0',
  `accountPrice` double DEFAULT NULL,
  `originPrice` double NOT NULL DEFAULT '0',
  `commission` double NOT NULL DEFAULT '0',
  `discount` double NOT NULL DEFAULT '1',
  `notMemberName` varchar(30) COLLATE utf8_bin DEFAULT NULL,
  `notMemberContact` varchar(11) COLLATE utf8_bin DEFAULT NULL
) ENGINE=InnoDB DEFAULT CHARSET=utf8 COLLATE=utf8_bin;

--
-- 转存表中的数据 `BookOrder`
--

INSERT INTO `BookOrder` (`id`, `hostelID`, `memberID`, `state`, `bookedTime`, `cancelledTime`, `checkInDate`, `checkOutDate`, `checkInTime`, `checkOutTime`, `accountedTime`, `peopleQuantity`, `totalPrice`, `accountPrice`, `originPrice`, `commission`, `discount`, `notMemberName`, `notMemberContact`) VALUES
('201702010000', '0000002', '0000000', 'CheckOut', '2017-02-01 22:24:45', NULL, '2017-02-02', '2017-02-05', '2017-02-02 22:37:44', '2017-02-05 22:38:26', '2017-03-13 23:58:53', 1, 560, 504, 560, 0.1, 1, NULL, NULL),
('201702010001', '0000001', '0000001', 'CheckOut', '2017-02-01 22:27:24', NULL, '2017-03-01', '2017-03-03', '2017-03-01 23:55:34', '2017-03-03 23:57:14', '2017-03-13 23:59:03', 2, 1160, 1044, 1160, 0.1, 1, NULL, NULL),
('201702010002', '0000003', '0000001', 'CheckOut', '2017-02-01 22:34:04', NULL, '2017-02-14', '2017-02-16', '2017-02-14 22:43:33', '2017-02-16 23:51:39', '2017-03-13 23:59:12', 2, 400, 360, 400, 0.1, 1, NULL, NULL),
('201702050000', '0000003', '0000000', 'Expired', '2017-02-05 22:41:37', NULL, '2017-02-21', '2017-02-22', NULL, NULL, NULL, 1, 190, 190, 200, 0, 0.95, NULL, NULL),
('201702140000', '0000002', NULL, 'CheckOut', '2017-02-14 23:31:00', NULL, '2017-02-17', '2017-02-19', '2017-02-17 23:31:43', '2017-02-19 23:52:50', NULL, 1, 1200, 1200, 1200, 0, 1, 'notmember', '111'),
('201702170000', '0000003', '0000001', 'CheckOut', '2017-02-17 23:47:17', NULL, '2017-03-02', '2017-03-06', '2017-03-02 23:56:34', '2017-03-06 00:00:25', '2017-03-06 00:02:57', 1, 800, 720, 800, 0.1, 1, NULL, NULL),
('201702170001', '0000003', '0000000', 'Cancelled', '2017-02-17 23:49:01', '2017-02-17 23:49:04', '2017-02-27', '2017-02-28', NULL, NULL, NULL, 1, 380, 380, 400, 0, 0.95, NULL, NULL),
('201702170002', '0000003', '0000000', 'CheckIn', '2017-02-17 23:49:59', NULL, '2017-03-13', '2017-03-15', '2017-03-13 23:58:35', NULL, NULL, 2, 760, 760, 800, 0, 0.95, NULL, NULL),
('201702170003', '0000003', '0000000', 'CheckOut', '2017-02-17 23:50:37', NULL, '2017-03-06', '2017-03-09', '2017-03-06 23:57:40', '2017-03-09 23:58:12', NULL, 1, 570, 570, 600, 0, 0.95, NULL, NULL),
('201703150000', '0000003', '0000001', 'UnCheckIn', '2017-03-15 09:35:09', NULL, '2017-03-15', '2017-03-17', NULL, NULL, NULL, 1, 360, 360, 400, 0, 0.9, NULL, NULL),
('201703150001', '0000002', '0000001', 'Cancelled', '2017-03-15 09:36:04', '2017-03-15 09:36:08', '2017-03-15', '2017-03-16', NULL, NULL, NULL, 1, 216, 216, 240, 0, 0.9, NULL, NULL),
('201703150002', '0000000', '0000000', 'UnCheckIn', '2017-03-15 09:40:46', NULL, '2017-03-15', '2017-03-16', NULL, NULL, NULL, 1, 720, 720, 800, 0, 0.9, NULL, NULL);

-- --------------------------------------------------------

--
-- 表的结构 `FinanceRecord`
--

CREATE TABLE `FinanceRecord` (
  `id` varchar(10) COLLATE utf8_bin NOT NULL,
  `time` datetime NOT NULL,
  `type` varchar(10) COLLATE utf8_bin NOT NULL,
  `orderID` varchar(12) COLLATE utf8_bin DEFAULT NULL,
  `money` double NOT NULL DEFAULT '0',
  `memberID` varchar(7) COLLATE utf8_bin DEFAULT NULL
) ENGINE=InnoDB DEFAULT CHARSET=utf8 COLLATE=utf8_bin;

--
-- 转存表中的数据 `FinanceRecord`
--

INSERT INTO `FinanceRecord` (`id`, `time`, `type`, `orderID`, `money`, `memberID`) VALUES
('0000000000', '2017-02-01 22:17:47', 'Deposit', NULL, 1000, '0000000'),
('0000000001', '2017-02-01 22:24:45', 'Book', '201702010000', 560, '0000000'),
('0000000002', '2017-02-01 22:25:52', 'Deposit', NULL, 1000, '0000001'),
('0000000003', '2017-02-01 22:26:19', 'Deposit', NULL, 200, '0000001'),
('0000000004', '2017-02-01 22:27:24', 'Book', '201702010001', 1160, '0000001'),
('0000000005', '2017-02-01 22:33:14', 'Deposit', NULL, 700, '0000001'),
('0000000006', '2017-02-01 22:34:04', 'Book', '201702010002', 400, '0000001'),
('0000000007', '2017-02-05 22:41:37', 'Book', '201702050000', 190, '0000000'),
('0000000008', '2017-02-05 22:42:00', 'Exchange', NULL, 2, '0000000'),
('0000000009', '2017-02-17 23:35:15', 'Deposit', NULL, 1200, '0000001'),
('0000000010', '2017-02-17 23:47:17', 'Book', '201702170000', 800, '0000001'),
('0000000011', '2017-02-17 23:48:37', 'Deposit', NULL, 3000, '0000000'),
('0000000012', '2017-02-17 23:49:01', 'Book', '201702170001', 380, '0000000'),
('0000000013', '2017-02-17 23:49:04', 'Cancel', '201702170001', 380, '0000000'),
('0000000014', '2017-02-17 23:49:59', 'Book', '201702170002', 760, '0000000'),
('0000000015', '2017-02-17 23:50:37', 'Book', '201702170003', 570, '0000000'),
('0000000016', '2017-03-13 23:58:53', 'Account', '201702010000', 504, '0000000'),
('0000000017', '2017-03-13 23:59:03', 'Account', '201702010001', 1044, '0000001'),
('0000000018', '2017-03-13 23:59:12', 'Account', '201702010002', 360, '0000001'),
('0000000019', '2017-03-06 00:02:57', 'Account', '201702170000', 720, '0000001'),
('0000000020', '2017-02-22 00:00:00', 'Expire', '201702050000', 0, '0000000'),
('0000000021', '2016-03-15 09:32:07', 'Deposit', NULL, 1000, '0000002'),
('0000000022', '2017-03-15 09:35:09', 'Book', '201703150000', 360, '0000001'),
('0000000023', '2017-03-15 09:36:04', 'Book', '201703150001', 216, '0000001'),
('0000000024', '2017-03-15 09:36:08', 'Cancel', '201703150001', 216, '0000001'),
('0000000025', '2017-03-15 09:40:46', 'Book', '201703150002', 720, '0000000');

-- --------------------------------------------------------

--
-- 表的结构 `hibernate_sequence`
--

CREATE TABLE `hibernate_sequence` (
  `next_val` bigint(20) DEFAULT NULL
) ENGINE=InnoDB DEFAULT CHARSET=utf8 COLLATE=utf8_bin;

-- --------------------------------------------------------

--
-- 表的结构 `Hostel`
--

CREATE TABLE `Hostel` (
  `id` varchar(7) COLLATE utf8_bin NOT NULL,
  `username` varchar(20) COLLATE utf8_bin NOT NULL,
  `password` varchar(32) COLLATE utf8_bin NOT NULL,
  `name` varchar(64) COLLATE utf8_bin DEFAULT NULL,
  `city` varchar(20) COLLATE utf8_bin DEFAULT NULL,
  `address` varchar(127) COLLATE utf8_bin DEFAULT NULL,
  `introduction` varchar(255) COLLATE utf8_bin DEFAULT NULL,
  `money` double NOT NULL DEFAULT '0',
  `facility` varchar(255) COLLATE utf8_bin DEFAULT NULL,
  `imageType` varchar(5) COLLATE utf8_bin DEFAULT NULL,
  `state` varchar(20) COLLATE utf8_bin NOT NULL
) ENGINE=InnoDB DEFAULT CHARSET=utf8 COLLATE=utf8_bin;

--
-- 转存表中的数据 `Hostel`
--

INSERT INTO `Hostel` (`id`, `username`, `password`, `name`, `city`, `address`, `introduction`, `money`, `facility`, `imageType`, `state`) VALUES
('0000000', 'hostel0', '123456', '上海大酒店', 'ShangHai', '黄浦区南京东路666号', '位于市中心繁华地段', 0, '早餐、Wifi、空调、停车场', 'png', 'Opening'),
('0000001', 'hostel1', '123456', '仙林1号', 'NanJing', '栖霞区仙林大道', '位于仙林大学城', 1044, 'Wifi、空调、游泳池', 'png', 'Opening'),
('0000002', 'hostel2', '123456', '仙林2号', 'NanJing', '栖霞区仙林大道', '靠近仙林大学城', 504, 'Wifi', 'png', 'Opening'),
('0000003', 'hostel3', '123456', '仙林3号', 'NanJing', '仙林中心地铁站', '仙林中心地铁站，交通便利', 1080, '停车场', 'png', 'Opening'),
('0000004', 'hostel4', '123456', '新街口旅舍', 'NanJing', '鼓楼区', '位于市中心', 0, 'Wifi、空调、洗衣机', 'png', 'Opening');

-- --------------------------------------------------------

--
-- 表的结构 `HostelRoom`
--

CREATE TABLE `HostelRoom` (
  `id` varchar(10) COLLATE utf8_bin NOT NULL,
  `hostelID` varchar(7) COLLATE utf8_bin NOT NULL,
  `name` varchar(30) COLLATE utf8_bin NOT NULL,
  `price` double NOT NULL DEFAULT '0',
  `startDate` date DEFAULT NULL,
  `endDate` date DEFAULT NULL,
  `quantity` int(11) NOT NULL DEFAULT '0',
  `imageType` varchar(5) COLLATE utf8_bin DEFAULT NULL,
  `plannedTime` datetime DEFAULT NULL
) ENGINE=InnoDB DEFAULT CHARSET=utf8 COLLATE=utf8_bin;

--
-- 转存表中的数据 `HostelRoom`
--

INSERT INTO `HostelRoom` (`id`, `hostelID`, `name`, `price`, `startDate`, `endDate`, `quantity`, `imageType`, `plannedTime`) VALUES
('0000000000', '0000000', '家庭房', 800, '2017-02-01', '2017-03-30', 3, 'png', '2017-02-01 16:41:32'),
('0000000001', '0000000', '双人间', 480, '2017-02-01', '2017-03-20', 12, 'png', '2017-02-01 16:42:19'),
('0000001000', '0000001', '套房', 1200, '2017-02-01', '2017-04-04', 2, 'png', '2017-02-01 16:44:29'),
('0000001001', '0000001', '标准间', 580, '2017-02-01', '2017-03-24', 15, 'png', '2017-02-01 16:45:09'),
('0000002000', '0000002', '标准间', 240, '2017-02-01', '2017-03-27', 8, 'png', '2017-02-01 16:37:17'),
('0000002001', '0000002', '商务房', 320, '2017-02-01', '2017-03-31', 6, 'png', '2017-02-01 16:38:38'),
('0000002002', '0000002', '奢华房', 600, '2017-02-01', '2017-03-20', 5, 'png', '2017-02-01 16:39:12'),
('0000003000', '0000003', '单人房', 200, '2017-02-01', '2017-03-31', 10, 'png', '2017-02-01 16:34:58'),
('0000003001', '0000003', '双人房', 400, '2017-02-01', '2017-03-20', 6, 'png', '2017-02-01 16:35:25'),
('0000004000', '0000004', '商务间', 320, '2017-02-01', '2017-04-05', 10, 'png', '2017-02-01 16:47:09'),
('0000004001', '0000004', '单人房', 210, '2017-02-01', '2017-03-22', 6, 'png', '2017-02-01 16:47:38');

-- --------------------------------------------------------

--
-- 表的结构 `Level`
--

CREATE TABLE `Level` (
  `id` int(11) NOT NULL,
  `points` int(11) NOT NULL,
  `discount` double NOT NULL
) ENGINE=InnoDB DEFAULT CHARSET=utf8 COLLATE=utf8_bin;

--
-- 转存表中的数据 `Level`
--

INSERT INTO `Level` (`id`, `points`, `discount`) VALUES
(1, 200, 0.98),
(2, 500, 0.95),
(3, 1000, 0.9);

-- --------------------------------------------------------

--
-- 表的结构 `Manager`
--

CREATE TABLE `Manager` (
  `id` varchar(7) COLLATE utf8_bin NOT NULL,
  `username` varchar(20) COLLATE utf8_bin NOT NULL,
  `password` varchar(32) COLLATE utf8_bin NOT NULL,
  `name` varchar(30) COLLATE utf8_bin NOT NULL
) ENGINE=InnoDB DEFAULT CHARSET=utf8 COLLATE=utf8_bin;

--
-- 转存表中的数据 `Manager`
--

INSERT INTO `Manager` (`id`, `username`, `password`, `name`) VALUES
('0000000', 'admin', '123456', 'admin');

-- --------------------------------------------------------

--
-- 表的结构 `Member`
--

CREATE TABLE `Member` (
  `id` varchar(7) COLLATE utf8_bin NOT NULL,
  `username` varchar(20) COLLATE utf8_bin NOT NULL,
  `password` varchar(32) COLLATE utf8_bin NOT NULL,
  `name` varchar(30) COLLATE utf8_bin NOT NULL,
  `account` varchar(20) COLLATE utf8_bin DEFAULT NULL,
  `money` double NOT NULL DEFAULT '0',
  `point` int(11) NOT NULL DEFAULT '0',
  `state` varchar(20) COLLATE utf8_bin DEFAULT NULL,
  `pauseDate` date DEFAULT NULL,
  `startDate` date DEFAULT NULL,
  `contact` varchar(11) COLLATE utf8_bin DEFAULT NULL
) ENGINE=InnoDB DEFAULT CHARSET=utf8 COLLATE=utf8_bin;

--
-- 转存表中的数据 `Member`
--

INSERT INTO `Member` (`id`, `username`, `password`, `name`, `account`, `money`, `point`, `state`, `pauseDate`, `startDate`, `contact`) VALUES
('0000000', 'sorumi', '123456', 'sorumi', '12345678901234567890', 1202, 360, 'Normal', NULL, '2017-02-01', '123456789'),
('0000001', 'm1', '123456', 'm1', '12345678901234567891', 380, 400, 'Normal', NULL, '2017-02-01', '123'),
('0000002', 'm2', '123456', 'm2', '12345678901234567892', 1000, 0, 'Pause', '2017-03-14', '2016-03-14', '1234');

-- --------------------------------------------------------

--
-- 表的结构 `OrderRoom`
--

CREATE TABLE `OrderRoom` (
  `id` varchar(14) COLLATE utf8_bin NOT NULL,
  `orderID` varchar(12) COLLATE utf8_bin NOT NULL,
  `hostelRoomID` varchar(10) COLLATE utf8_bin NOT NULL,
  `quantity` int(11) NOT NULL DEFAULT '0'
) ENGINE=InnoDB DEFAULT CHARSET=utf8 COLLATE=utf8_bin;

--
-- 转存表中的数据 `OrderRoom`
--

INSERT INTO `OrderRoom` (`id`, `orderID`, `hostelRoomID`, `quantity`) VALUES
('20170201000000', '201702010000', '0000002000', 1),
('20170201000001', '201702010000', '0000002001', 1),
('20170201000100', '201702010001', '0000001001', 2),
('20170201000200', '201702010002', '0000003000', 2),
('20170205000000', '201702050000', '0000003000', 1),
('20170214000000', '201702140000', '0000002002', 1),
('20170217000000', '201702170000', '0000003000', 1),
('20170217000100', '201702170001', '0000003001', 1),
('20170217000200', '201702170002', '0000003000', 2),
('20170217000300', '201702170003', '0000003000', 1),
('20170315000000', '201703150000', '0000003000', 1),
('20170315000100', '201703150001', '0000002000', 1),
('20170315000200', '201703150002', '0000000000', 1);

-- --------------------------------------------------------

--
-- 表的结构 `RoomStock`
--

CREATE TABLE `RoomStock` (
  `id` varchar(13) COLLATE utf8_bin NOT NULL,
  `hostelRoomID` varchar(10) COLLATE utf8_bin NOT NULL,
  `date` date DEFAULT NULL,
  `quantity` int(11) NOT NULL DEFAULT '0'
) ENGINE=InnoDB DEFAULT CHARSET=utf8 COLLATE=utf8_bin;

--
-- 转存表中的数据 `RoomStock`
--

INSERT INTO `RoomStock` (`id`, `hostelRoomID`, `date`, `quantity`) VALUES
('0000000000000', '0000000000', '2017-02-01', 3),
('0000000000001', '0000000000', '2017-02-02', 3),
('0000000000002', '0000000000', '2017-02-03', 3),
('0000000000003', '0000000000', '2017-02-04', 3),
('0000000000004', '0000000000', '2017-02-05', 3),
('0000000000005', '0000000000', '2017-02-06', 3),
('0000000000006', '0000000000', '2017-02-07', 3),
('0000000000007', '0000000000', '2017-02-08', 3),
('0000000000008', '0000000000', '2017-02-09', 3),
('0000000000009', '0000000000', '2017-02-10', 3),
('0000000000010', '0000000000', '2017-02-11', 3),
('0000000000011', '0000000000', '2017-02-12', 3),
('0000000000012', '0000000000', '2017-02-13', 3),
('0000000000013', '0000000000', '2017-02-14', 3),
('0000000000014', '0000000000', '2017-02-15', 3),
('0000000000015', '0000000000', '2017-02-16', 3),
('0000000000016', '0000000000', '2017-02-17', 3),
('0000000000017', '0000000000', '2017-02-18', 3),
('0000000000018', '0000000000', '2017-02-19', 3),
('0000000000019', '0000000000', '2017-02-20', 3),
('0000000000020', '0000000000', '2017-02-21', 3),
('0000000000021', '0000000000', '2017-02-22', 3),
('0000000000022', '0000000000', '2017-02-23', 3),
('0000000000023', '0000000000', '2017-02-24', 3),
('0000000000024', '0000000000', '2017-02-25', 3),
('0000000000025', '0000000000', '2017-02-26', 3),
('0000000000026', '0000000000', '2017-02-27', 3),
('0000000000027', '0000000000', '2017-02-28', 3),
('0000000000028', '0000000000', '2017-03-01', 3),
('0000000000029', '0000000000', '2017-03-02', 3),
('0000000000030', '0000000000', '2017-03-03', 3),
('0000000000031', '0000000000', '2017-03-04', 3),
('0000000000032', '0000000000', '2017-03-05', 3),
('0000000000033', '0000000000', '2017-03-06', 3),
('0000000000034', '0000000000', '2017-03-07', 3),
('0000000000035', '0000000000', '2017-03-08', 3),
('0000000000036', '0000000000', '2017-03-09', 3),
('0000000000037', '0000000000', '2017-03-10', 3),
('0000000000038', '0000000000', '2017-03-11', 3),
('0000000000039', '0000000000', '2017-03-12', 3),
('0000000000040', '0000000000', '2017-03-13', 3),
('0000000000041', '0000000000', '2017-03-14', 3),
('0000000000042', '0000000000', '2017-03-15', 2),
('0000000000043', '0000000000', '2017-03-16', 3),
('0000000000044', '0000000000', '2017-03-17', 3),
('0000000000045', '0000000000', '2017-03-18', 3),
('0000000000046', '0000000000', '2017-03-19', 3),
('0000000000047', '0000000000', '2017-03-20', 3),
('0000000000048', '0000000000', '2017-03-21', 3),
('0000000000049', '0000000000', '2017-03-22', 3),
('0000000000050', '0000000000', '2017-03-23', 3),
('0000000000051', '0000000000', '2017-03-24', 3),
('0000000000052', '0000000000', '2017-03-25', 3),
('0000000000053', '0000000000', '2017-03-26', 3),
('0000000000054', '0000000000', '2017-03-27', 3),
('0000000000055', '0000000000', '2017-03-28', 3),
('0000000000056', '0000000000', '2017-03-29', 3),
('0000000000057', '0000000000', '2017-03-30', 3),
('0000000001000', '0000000001', '2017-02-01', 12),
('0000000001001', '0000000001', '2017-02-02', 12),
('0000000001002', '0000000001', '2017-02-03', 12),
('0000000001003', '0000000001', '2017-02-04', 12),
('0000000001004', '0000000001', '2017-02-05', 12),
('0000000001005', '0000000001', '2017-02-06', 12),
('0000000001006', '0000000001', '2017-02-07', 12),
('0000000001007', '0000000001', '2017-02-08', 12),
('0000000001008', '0000000001', '2017-02-09', 12),
('0000000001009', '0000000001', '2017-02-10', 12),
('0000000001010', '0000000001', '2017-02-11', 12),
('0000000001011', '0000000001', '2017-02-12', 12),
('0000000001012', '0000000001', '2017-02-13', 12),
('0000000001013', '0000000001', '2017-02-14', 12),
('0000000001014', '0000000001', '2017-02-15', 12),
('0000000001015', '0000000001', '2017-02-16', 12),
('0000000001016', '0000000001', '2017-02-17', 12),
('0000000001017', '0000000001', '2017-02-18', 12),
('0000000001018', '0000000001', '2017-02-19', 12),
('0000000001019', '0000000001', '2017-02-20', 12),
('0000000001020', '0000000001', '2017-02-21', 12),
('0000000001021', '0000000001', '2017-02-22', 12),
('0000000001022', '0000000001', '2017-02-23', 12),
('0000000001023', '0000000001', '2017-02-24', 12),
('0000000001024', '0000000001', '2017-02-25', 12),
('0000000001025', '0000000001', '2017-02-26', 12),
('0000000001026', '0000000001', '2017-02-27', 12),
('0000000001027', '0000000001', '2017-02-28', 12),
('0000000001028', '0000000001', '2017-03-01', 12),
('0000000001029', '0000000001', '2017-03-02', 12),
('0000000001030', '0000000001', '2017-03-03', 12),
('0000000001031', '0000000001', '2017-03-04', 12),
('0000000001032', '0000000001', '2017-03-05', 12),
('0000000001033', '0000000001', '2017-03-06', 12),
('0000000001034', '0000000001', '2017-03-07', 12),
('0000000001035', '0000000001', '2017-03-08', 12),
('0000000001036', '0000000001', '2017-03-09', 12),
('0000000001037', '0000000001', '2017-03-10', 12),
('0000000001038', '0000000001', '2017-03-11', 12),
('0000000001039', '0000000001', '2017-03-12', 12),
('0000000001040', '0000000001', '2017-03-13', 12),
('0000000001041', '0000000001', '2017-03-14', 12),
('0000000001042', '0000000001', '2017-03-15', 12),
('0000000001043', '0000000001', '2017-03-16', 12),
('0000000001044', '0000000001', '2017-03-17', 12),
('0000000001045', '0000000001', '2017-03-18', 12),
('0000000001046', '0000000001', '2017-03-19', 12),
('0000000001047', '0000000001', '2017-03-20', 12),
('0000001000000', '0000001000', '2017-02-01', 2),
('0000001000001', '0000001000', '2017-02-02', 2),
('0000001000002', '0000001000', '2017-02-03', 2),
('0000001000003', '0000001000', '2017-02-04', 2),
('0000001000004', '0000001000', '2017-02-05', 2),
('0000001000005', '0000001000', '2017-02-06', 2),
('0000001000006', '0000001000', '2017-02-07', 2),
('0000001000007', '0000001000', '2017-02-08', 2),
('0000001000008', '0000001000', '2017-02-09', 2),
('0000001000009', '0000001000', '2017-02-10', 2),
('0000001000010', '0000001000', '2017-02-11', 2),
('0000001000011', '0000001000', '2017-02-12', 2),
('0000001000012', '0000001000', '2017-02-13', 2),
('0000001000013', '0000001000', '2017-02-14', 2),
('0000001000014', '0000001000', '2017-02-15', 2),
('0000001000015', '0000001000', '2017-02-16', 2),
('0000001000016', '0000001000', '2017-02-17', 2),
('0000001000017', '0000001000', '2017-02-18', 2),
('0000001000018', '0000001000', '2017-02-19', 2),
('0000001000019', '0000001000', '2017-02-20', 2),
('0000001000020', '0000001000', '2017-02-21', 2),
('0000001000021', '0000001000', '2017-02-22', 2),
('0000001000022', '0000001000', '2017-02-23', 2),
('0000001000023', '0000001000', '2017-02-24', 2),
('0000001000024', '0000001000', '2017-02-25', 2),
('0000001000025', '0000001000', '2017-02-26', 2),
('0000001000026', '0000001000', '2017-02-27', 2),
('0000001000027', '0000001000', '2017-02-28', 2),
('0000001000028', '0000001000', '2017-03-01', 2),
('0000001000029', '0000001000', '2017-03-02', 2),
('0000001000030', '0000001000', '2017-03-03', 2),
('0000001000031', '0000001000', '2017-03-04', 2),
('0000001000032', '0000001000', '2017-03-05', 2),
('0000001000033', '0000001000', '2017-03-06', 2),
('0000001000034', '0000001000', '2017-03-07', 2),
('0000001000035', '0000001000', '2017-03-08', 2),
('0000001000036', '0000001000', '2017-03-09', 2),
('0000001000037', '0000001000', '2017-03-10', 2),
('0000001000038', '0000001000', '2017-03-11', 2),
('0000001000039', '0000001000', '2017-03-12', 2),
('0000001000040', '0000001000', '2017-03-13', 2),
('0000001000041', '0000001000', '2017-03-14', 2),
('0000001000042', '0000001000', '2017-03-15', 2),
('0000001000043', '0000001000', '2017-03-16', 2),
('0000001000044', '0000001000', '2017-03-17', 2),
('0000001000045', '0000001000', '2017-03-18', 2),
('0000001000046', '0000001000', '2017-03-19', 2),
('0000001000047', '0000001000', '2017-03-20', 2),
('0000001000048', '0000001000', '2017-03-21', 2),
('0000001000049', '0000001000', '2017-03-22', 2),
('0000001000050', '0000001000', '2017-03-23', 2),
('0000001000051', '0000001000', '2017-03-24', 2),
('0000001000052', '0000001000', '2017-03-25', 2),
('0000001000053', '0000001000', '2017-03-26', 2),
('0000001000054', '0000001000', '2017-03-27', 2),
('0000001000055', '0000001000', '2017-03-28', 2),
('0000001000056', '0000001000', '2017-03-29', 2),
('0000001000057', '0000001000', '2017-03-30', 2),
('0000001000058', '0000001000', '2017-03-31', 2),
('0000001000059', '0000001000', '2017-04-01', 2),
('0000001000060', '0000001000', '2017-04-02', 2),
('0000001000061', '0000001000', '2017-04-03', 2),
('0000001000062', '0000001000', '2017-04-04', 2),
('0000001001000', '0000001001', '2017-02-01', 15),
('0000001001001', '0000001001', '2017-02-02', 15),
('0000001001002', '0000001001', '2017-02-03', 15),
('0000001001003', '0000001001', '2017-02-04', 15),
('0000001001004', '0000001001', '2017-02-05', 15),
('0000001001005', '0000001001', '2017-02-06', 15),
('0000001001006', '0000001001', '2017-02-07', 15),
('0000001001007', '0000001001', '2017-02-08', 15),
('0000001001008', '0000001001', '2017-02-09', 15),
('0000001001009', '0000001001', '2017-02-10', 15),
('0000001001010', '0000001001', '2017-02-11', 15),
('0000001001011', '0000001001', '2017-02-12', 15),
('0000001001012', '0000001001', '2017-02-13', 15),
('0000001001013', '0000001001', '2017-02-14', 15),
('0000001001014', '0000001001', '2017-02-15', 15),
('0000001001015', '0000001001', '2017-02-16', 15),
('0000001001016', '0000001001', '2017-02-17', 15),
('0000001001017', '0000001001', '2017-02-18', 15),
('0000001001018', '0000001001', '2017-02-19', 15),
('0000001001019', '0000001001', '2017-02-20', 15),
('0000001001020', '0000001001', '2017-02-21', 15),
('0000001001021', '0000001001', '2017-02-22', 15),
('0000001001022', '0000001001', '2017-02-23', 15),
('0000001001023', '0000001001', '2017-02-24', 15),
('0000001001024', '0000001001', '2017-02-25', 15),
('0000001001025', '0000001001', '2017-02-26', 15),
('0000001001026', '0000001001', '2017-02-27', 15),
('0000001001027', '0000001001', '2017-02-28', 15),
('0000001001028', '0000001001', '2017-03-01', 13),
('0000001001029', '0000001001', '2017-03-02', 13),
('0000001001030', '0000001001', '2017-03-03', 15),
('0000001001031', '0000001001', '2017-03-04', 15),
('0000001001032', '0000001001', '2017-03-05', 15),
('0000001001033', '0000001001', '2017-03-06', 15),
('0000001001034', '0000001001', '2017-03-07', 15),
('0000001001035', '0000001001', '2017-03-08', 15),
('0000001001036', '0000001001', '2017-03-09', 15),
('0000001001037', '0000001001', '2017-03-10', 15),
('0000001001038', '0000001001', '2017-03-11', 15),
('0000001001039', '0000001001', '2017-03-12', 15),
('0000001001040', '0000001001', '2017-03-13', 15),
('0000001001041', '0000001001', '2017-03-14', 15),
('0000001001042', '0000001001', '2017-03-15', 15),
('0000001001043', '0000001001', '2017-03-16', 15),
('0000001001044', '0000001001', '2017-03-17', 15),
('0000001001045', '0000001001', '2017-03-18', 15),
('0000001001046', '0000001001', '2017-03-19', 15),
('0000001001047', '0000001001', '2017-03-20', 15),
('0000001001048', '0000001001', '2017-03-21', 15),
('0000001001049', '0000001001', '2017-03-22', 15),
('0000001001050', '0000001001', '2017-03-23', 15),
('0000001001051', '0000001001', '2017-03-24', 15),
('0000002000000', '0000002000', '2017-02-01', 8),
('0000002000001', '0000002000', '2017-02-02', 7),
('0000002000002', '0000002000', '2017-02-03', 7),
('0000002000003', '0000002000', '2017-02-04', 7),
('0000002000004', '0000002000', '2017-02-05', 8),
('0000002000005', '0000002000', '2017-02-06', 8),
('0000002000006', '0000002000', '2017-02-07', 8),
('0000002000007', '0000002000', '2017-02-08', 8),
('0000002000008', '0000002000', '2017-02-09', 8),
('0000002000009', '0000002000', '2017-02-10', 8),
('0000002000010', '0000002000', '2017-02-11', 8),
('0000002000011', '0000002000', '2017-02-12', 8),
('0000002000012', '0000002000', '2017-02-13', 8),
('0000002000013', '0000002000', '2017-02-14', 8),
('0000002000014', '0000002000', '2017-02-15', 8),
('0000002000015', '0000002000', '2017-02-16', 8),
('0000002000016', '0000002000', '2017-02-17', 8),
('0000002000017', '0000002000', '2017-02-18', 8),
('0000002000018', '0000002000', '2017-02-19', 8),
('0000002000019', '0000002000', '2017-02-20', 8),
('0000002000020', '0000002000', '2017-02-21', 8),
('0000002000021', '0000002000', '2017-02-22', 8),
('0000002000022', '0000002000', '2017-02-23', 8),
('0000002000023', '0000002000', '2017-02-24', 8),
('0000002000024', '0000002000', '2017-02-25', 8),
('0000002000025', '0000002000', '2017-02-26', 8),
('0000002000026', '0000002000', '2017-02-27', 8),
('0000002000027', '0000002000', '2017-02-28', 8),
('0000002000028', '0000002000', '2017-03-01', 8),
('0000002000029', '0000002000', '2017-03-02', 8),
('0000002000030', '0000002000', '2017-03-03', 8),
('0000002000031', '0000002000', '2017-03-04', 8),
('0000002000032', '0000002000', '2017-03-05', 8),
('0000002000033', '0000002000', '2017-03-06', 8),
('0000002000034', '0000002000', '2017-03-07', 8),
('0000002000035', '0000002000', '2017-03-08', 8),
('0000002000036', '0000002000', '2017-03-09', 8),
('0000002000037', '0000002000', '2017-03-10', 8),
('0000002000038', '0000002000', '2017-03-11', 8),
('0000002000039', '0000002000', '2017-03-12', 8),
('0000002000040', '0000002000', '2017-03-13', 8),
('0000002000041', '0000002000', '2017-03-14', 8),
('0000002000042', '0000002000', '2017-03-15', 8),
('0000002000043', '0000002000', '2017-03-16', 8),
('0000002000044', '0000002000', '2017-03-17', 8),
('0000002000045', '0000002000', '2017-03-18', 8),
('0000002000046', '0000002000', '2017-03-19', 8),
('0000002000047', '0000002000', '2017-03-20', 8),
('0000002000048', '0000002000', '2017-03-21', 8),
('0000002000049', '0000002000', '2017-03-22', 8),
('0000002000050', '0000002000', '2017-03-23', 8),
('0000002000051', '0000002000', '2017-03-24', 8),
('0000002000052', '0000002000', '2017-03-25', 8),
('0000002000053', '0000002000', '2017-03-26', 8),
('0000002000054', '0000002000', '2017-03-27', 8),
('0000002001000', '0000002001', '2017-02-01', 6),
('0000002001001', '0000002001', '2017-02-02', 5),
('0000002001002', '0000002001', '2017-02-03', 5),
('0000002001003', '0000002001', '2017-02-04', 5),
('0000002001004', '0000002001', '2017-02-05', 6),
('0000002001005', '0000002001', '2017-02-06', 6),
('0000002001006', '0000002001', '2017-02-07', 6),
('0000002001007', '0000002001', '2017-02-08', 6),
('0000002001008', '0000002001', '2017-02-09', 6),
('0000002001009', '0000002001', '2017-02-10', 6),
('0000002001010', '0000002001', '2017-02-11', 6),
('0000002001011', '0000002001', '2017-02-12', 6),
('0000002001012', '0000002001', '2017-02-13', 6),
('0000002001013', '0000002001', '2017-02-14', 6),
('0000002001014', '0000002001', '2017-02-15', 6),
('0000002001015', '0000002001', '2017-02-16', 6),
('0000002001016', '0000002001', '2017-02-17', 6),
('0000002001017', '0000002001', '2017-02-18', 6),
('0000002001018', '0000002001', '2017-02-19', 6),
('0000002001019', '0000002001', '2017-02-20', 6),
('0000002001020', '0000002001', '2017-02-21', 6),
('0000002001021', '0000002001', '2017-02-22', 6),
('0000002001022', '0000002001', '2017-02-23', 6),
('0000002001023', '0000002001', '2017-02-24', 6),
('0000002001024', '0000002001', '2017-02-25', 6),
('0000002001025', '0000002001', '2017-02-26', 6),
('0000002001026', '0000002001', '2017-02-27', 6),
('0000002001027', '0000002001', '2017-02-28', 6),
('0000002001028', '0000002001', '2017-03-01', 6),
('0000002001029', '0000002001', '2017-03-02', 6),
('0000002001030', '0000002001', '2017-03-03', 6),
('0000002001031', '0000002001', '2017-03-04', 6),
('0000002001032', '0000002001', '2017-03-05', 6),
('0000002001033', '0000002001', '2017-03-06', 6),
('0000002001034', '0000002001', '2017-03-07', 6),
('0000002001035', '0000002001', '2017-03-08', 6),
('0000002001036', '0000002001', '2017-03-09', 6),
('0000002001037', '0000002001', '2017-03-10', 6),
('0000002001038', '0000002001', '2017-03-11', 6),
('0000002001039', '0000002001', '2017-03-12', 6),
('0000002001040', '0000002001', '2017-03-13', 6),
('0000002001041', '0000002001', '2017-03-14', 6),
('0000002001042', '0000002001', '2017-03-15', 6),
('0000002001043', '0000002001', '2017-03-16', 6),
('0000002001044', '0000002001', '2017-03-17', 6),
('0000002001045', '0000002001', '2017-03-18', 6),
('0000002001046', '0000002001', '2017-03-19', 6),
('0000002001047', '0000002001', '2017-03-20', 6),
('0000002001048', '0000002001', '2017-03-21', 6),
('0000002001049', '0000002001', '2017-03-22', 6),
('0000002001050', '0000002001', '2017-03-23', 6),
('0000002001051', '0000002001', '2017-03-24', 6),
('0000002001052', '0000002001', '2017-03-25', 6),
('0000002001053', '0000002001', '2017-03-26', 6),
('0000002001054', '0000002001', '2017-03-27', 6),
('0000002001055', '0000002001', '2017-03-28', 6),
('0000002001056', '0000002001', '2017-03-29', 6),
('0000002001057', '0000002001', '2017-03-30', 6),
('0000002001058', '0000002001', '2017-03-31', 6),
('0000002002000', '0000002002', '2017-02-01', 5),
('0000002002001', '0000002002', '2017-02-02', 5),
('0000002002002', '0000002002', '2017-02-03', 5),
('0000002002003', '0000002002', '2017-02-04', 5),
('0000002002004', '0000002002', '2017-02-05', 5),
('0000002002005', '0000002002', '2017-02-06', 5),
('0000002002006', '0000002002', '2017-02-07', 5),
('0000002002007', '0000002002', '2017-02-08', 5),
('0000002002008', '0000002002', '2017-02-09', 5),
('0000002002009', '0000002002', '2017-02-10', 5),
('0000002002010', '0000002002', '2017-02-11', 5),
('0000002002011', '0000002002', '2017-02-12', 5),
('0000002002012', '0000002002', '2017-02-13', 5),
('0000002002013', '0000002002', '2017-02-14', 5),
('0000002002014', '0000002002', '2017-02-15', 5),
('0000002002015', '0000002002', '2017-02-16', 5),
('0000002002016', '0000002002', '2017-02-17', 4),
('0000002002017', '0000002002', '2017-02-18', 4),
('0000002002018', '0000002002', '2017-02-19', 5),
('0000002002019', '0000002002', '2017-02-20', 5),
('0000002002020', '0000002002', '2017-02-21', 5),
('0000002002021', '0000002002', '2017-02-22', 5),
('0000002002022', '0000002002', '2017-02-23', 5),
('0000002002023', '0000002002', '2017-02-24', 5),
('0000002002024', '0000002002', '2017-02-25', 5),
('0000002002025', '0000002002', '2017-02-26', 5),
('0000002002026', '0000002002', '2017-02-27', 5),
('0000002002027', '0000002002', '2017-02-28', 5),
('0000002002028', '0000002002', '2017-03-01', 5),
('0000002002029', '0000002002', '2017-03-02', 5),
('0000002002030', '0000002002', '2017-03-03', 5),
('0000002002031', '0000002002', '2017-03-04', 5),
('0000002002032', '0000002002', '2017-03-05', 5),
('0000002002033', '0000002002', '2017-03-06', 5),
('0000002002034', '0000002002', '2017-03-07', 5),
('0000002002035', '0000002002', '2017-03-08', 5),
('0000002002036', '0000002002', '2017-03-09', 5),
('0000002002037', '0000002002', '2017-03-10', 5),
('0000002002038', '0000002002', '2017-03-11', 5),
('0000002002039', '0000002002', '2017-03-12', 5),
('0000002002040', '0000002002', '2017-03-13', 5),
('0000002002041', '0000002002', '2017-03-14', 5),
('0000002002042', '0000002002', '2017-03-15', 5),
('0000002002043', '0000002002', '2017-03-16', 5),
('0000002002044', '0000002002', '2017-03-17', 5),
('0000002002045', '0000002002', '2017-03-18', 5),
('0000002002046', '0000002002', '2017-03-19', 5),
('0000002002047', '0000002002', '2017-03-20', 5),
('0000003000000', '0000003000', '2017-02-01', 10),
('0000003000001', '0000003000', '2017-02-02', 10),
('0000003000002', '0000003000', '2017-02-03', 10),
('0000003000003', '0000003000', '2017-02-04', 10),
('0000003000004', '0000003000', '2017-02-05', 10),
('0000003000005', '0000003000', '2017-02-06', 10),
('0000003000006', '0000003000', '2017-02-07', 10),
('0000003000007', '0000003000', '2017-02-08', 10),
('0000003000008', '0000003000', '2017-02-09', 10),
('0000003000009', '0000003000', '2017-02-10', 10),
('0000003000010', '0000003000', '2017-02-11', 10),
('0000003000011', '0000003000', '2017-02-12', 10),
('0000003000012', '0000003000', '2017-02-13', 10),
('0000003000013', '0000003000', '2017-02-14', 8),
('0000003000014', '0000003000', '2017-02-15', 8),
('0000003000015', '0000003000', '2017-02-16', 10),
('0000003000016', '0000003000', '2017-02-17', 10),
('0000003000017', '0000003000', '2017-02-18', 10),
('0000003000018', '0000003000', '2017-02-19', 10),
('0000003000019', '0000003000', '2017-02-20', 10),
('0000003000020', '0000003000', '2017-02-21', 9),
('0000003000021', '0000003000', '2017-02-22', 10),
('0000003000022', '0000003000', '2017-02-23', 10),
('0000003000023', '0000003000', '2017-02-24', 10),
('0000003000024', '0000003000', '2017-02-25', 10),
('0000003000025', '0000003000', '2017-02-26', 10),
('0000003000026', '0000003000', '2017-02-27', 10),
('0000003000027', '0000003000', '2017-02-28', 10),
('0000003000028', '0000003000', '2017-03-01', 10),
('0000003000029', '0000003000', '2017-03-02', 9),
('0000003000030', '0000003000', '2017-03-03', 9),
('0000003000031', '0000003000', '2017-03-04', 9),
('0000003000032', '0000003000', '2017-03-05', 9),
('0000003000033', '0000003000', '2017-03-06', 9),
('0000003000034', '0000003000', '2017-03-07', 9),
('0000003000035', '0000003000', '2017-03-08', 9),
('0000003000036', '0000003000', '2017-03-09', 10),
('0000003000037', '0000003000', '2017-03-10', 10),
('0000003000038', '0000003000', '2017-03-11', 10),
('0000003000039', '0000003000', '2017-03-12', 10),
('0000003000040', '0000003000', '2017-03-13', 8),
('0000003000041', '0000003000', '2017-03-14', 8),
('0000003000042', '0000003000', '2017-03-15', 9),
('0000003000043', '0000003000', '2017-03-16', 9),
('0000003000044', '0000003000', '2017-03-17', 10),
('0000003000045', '0000003000', '2017-03-18', 10),
('0000003000046', '0000003000', '2017-03-19', 10),
('0000003000047', '0000003000', '2017-03-20', 10),
('0000003000048', '0000003000', '2017-03-21', 10),
('0000003000049', '0000003000', '2017-03-22', 10),
('0000003000050', '0000003000', '2017-03-23', 10),
('0000003000051', '0000003000', '2017-03-24', 10),
('0000003000052', '0000003000', '2017-03-25', 10),
('0000003000053', '0000003000', '2017-03-26', 10),
('0000003000054', '0000003000', '2017-03-27', 10),
('0000003000055', '0000003000', '2017-03-28', 10),
('0000003000056', '0000003000', '2017-03-29', 10),
('0000003000057', '0000003000', '2017-03-30', 10),
('0000003000058', '0000003000', '2017-03-31', 10),
('0000003001000', '0000003001', '2017-02-01', 6),
('0000003001001', '0000003001', '2017-02-02', 6),
('0000003001002', '0000003001', '2017-02-03', 6),
('0000003001003', '0000003001', '2017-02-04', 6),
('0000003001004', '0000003001', '2017-02-05', 6),
('0000003001005', '0000003001', '2017-02-06', 6),
('0000003001006', '0000003001', '2017-02-07', 6),
('0000003001007', '0000003001', '2017-02-08', 6),
('0000003001008', '0000003001', '2017-02-09', 6),
('0000003001009', '0000003001', '2017-02-10', 6),
('0000003001010', '0000003001', '2017-02-11', 6),
('0000003001011', '0000003001', '2017-02-12', 6),
('0000003001012', '0000003001', '2017-02-13', 6),
('0000003001013', '0000003001', '2017-02-14', 6),
('0000003001014', '0000003001', '2017-02-15', 6),
('0000003001015', '0000003001', '2017-02-16', 6),
('0000003001016', '0000003001', '2017-02-17', 6),
('0000003001017', '0000003001', '2017-02-18', 6),
('0000003001018', '0000003001', '2017-02-19', 6),
('0000003001019', '0000003001', '2017-02-20', 6),
('0000003001020', '0000003001', '2017-02-21', 6),
('0000003001021', '0000003001', '2017-02-22', 6),
('0000003001022', '0000003001', '2017-02-23', 6),
('0000003001023', '0000003001', '2017-02-24', 6),
('0000003001024', '0000003001', '2017-02-25', 6),
('0000003001025', '0000003001', '2017-02-26', 6),
('0000003001026', '0000003001', '2017-02-27', 6),
('0000003001027', '0000003001', '2017-02-28', 6),
('0000003001028', '0000003001', '2017-03-01', 6),
('0000003001029', '0000003001', '2017-03-02', 6),
('0000003001030', '0000003001', '2017-03-03', 6),
('0000003001031', '0000003001', '2017-03-04', 6),
('0000003001032', '0000003001', '2017-03-05', 6),
('0000003001033', '0000003001', '2017-03-06', 6),
('0000003001034', '0000003001', '2017-03-07', 6),
('0000003001035', '0000003001', '2017-03-08', 6),
('0000003001036', '0000003001', '2017-03-09', 6),
('0000003001037', '0000003001', '2017-03-10', 6),
('0000003001038', '0000003001', '2017-03-11', 6),
('0000003001039', '0000003001', '2017-03-12', 6),
('0000003001040', '0000003001', '2017-03-13', 6),
('0000003001041', '0000003001', '2017-03-14', 6),
('0000003001042', '0000003001', '2017-03-15', 6),
('0000003001043', '0000003001', '2017-03-16', 6),
('0000003001044', '0000003001', '2017-03-17', 6),
('0000003001045', '0000003001', '2017-03-18', 6),
('0000003001046', '0000003001', '2017-03-19', 6),
('0000003001047', '0000003001', '2017-03-20', 6),
('0000004000000', '0000004000', '2017-02-01', 10),
('0000004000001', '0000004000', '2017-02-02', 10),
('0000004000002', '0000004000', '2017-02-03', 10),
('0000004000003', '0000004000', '2017-02-04', 10),
('0000004000004', '0000004000', '2017-02-05', 10),
('0000004000005', '0000004000', '2017-02-06', 10),
('0000004000006', '0000004000', '2017-02-07', 10),
('0000004000007', '0000004000', '2017-02-08', 10),
('0000004000008', '0000004000', '2017-02-09', 10),
('0000004000009', '0000004000', '2017-02-10', 10),
('0000004000010', '0000004000', '2017-02-11', 10),
('0000004000011', '0000004000', '2017-02-12', 10),
('0000004000012', '0000004000', '2017-02-13', 10),
('0000004000013', '0000004000', '2017-02-14', 10),
('0000004000014', '0000004000', '2017-02-15', 10),
('0000004000015', '0000004000', '2017-02-16', 10),
('0000004000016', '0000004000', '2017-02-17', 10),
('0000004000017', '0000004000', '2017-02-18', 10),
('0000004000018', '0000004000', '2017-02-19', 10),
('0000004000019', '0000004000', '2017-02-20', 10),
('0000004000020', '0000004000', '2017-02-21', 10),
('0000004000021', '0000004000', '2017-02-22', 10),
('0000004000022', '0000004000', '2017-02-23', 10),
('0000004000023', '0000004000', '2017-02-24', 10),
('0000004000024', '0000004000', '2017-02-25', 10),
('0000004000025', '0000004000', '2017-02-26', 10),
('0000004000026', '0000004000', '2017-02-27', 10),
('0000004000027', '0000004000', '2017-02-28', 10),
('0000004000028', '0000004000', '2017-03-01', 10),
('0000004000029', '0000004000', '2017-03-02', 10),
('0000004000030', '0000004000', '2017-03-03', 10),
('0000004000031', '0000004000', '2017-03-04', 10),
('0000004000032', '0000004000', '2017-03-05', 10),
('0000004000033', '0000004000', '2017-03-06', 10),
('0000004000034', '0000004000', '2017-03-07', 10),
('0000004000035', '0000004000', '2017-03-08', 10),
('0000004000036', '0000004000', '2017-03-09', 10),
('0000004000037', '0000004000', '2017-03-10', 10),
('0000004000038', '0000004000', '2017-03-11', 10),
('0000004000039', '0000004000', '2017-03-12', 10),
('0000004000040', '0000004000', '2017-03-13', 10),
('0000004000041', '0000004000', '2017-03-14', 10),
('0000004000042', '0000004000', '2017-03-15', 10),
('0000004000043', '0000004000', '2017-03-16', 10),
('0000004000044', '0000004000', '2017-03-17', 10),
('0000004000045', '0000004000', '2017-03-18', 10),
('0000004000046', '0000004000', '2017-03-19', 10),
('0000004000047', '0000004000', '2017-03-20', 10),
('0000004000048', '0000004000', '2017-03-21', 10),
('0000004000049', '0000004000', '2017-03-22', 10),
('0000004000050', '0000004000', '2017-03-23', 10),
('0000004000051', '0000004000', '2017-03-24', 10),
('0000004000052', '0000004000', '2017-03-25', 10),
('0000004000053', '0000004000', '2017-03-26', 10),
('0000004000054', '0000004000', '2017-03-27', 10),
('0000004000055', '0000004000', '2017-03-28', 10),
('0000004000056', '0000004000', '2017-03-29', 10),
('0000004000057', '0000004000', '2017-03-30', 10),
('0000004000058', '0000004000', '2017-03-31', 10),
('0000004000059', '0000004000', '2017-04-01', 10),
('0000004000060', '0000004000', '2017-04-02', 10),
('0000004000061', '0000004000', '2017-04-03', 10),
('0000004000062', '0000004000', '2017-04-04', 10),
('0000004000063', '0000004000', '2017-04-05', 10),
('0000004001000', '0000004001', '2017-02-01', 6),
('0000004001001', '0000004001', '2017-02-02', 6),
('0000004001002', '0000004001', '2017-02-03', 6),
('0000004001003', '0000004001', '2017-02-04', 6),
('0000004001004', '0000004001', '2017-02-05', 6),
('0000004001005', '0000004001', '2017-02-06', 6),
('0000004001006', '0000004001', '2017-02-07', 6),
('0000004001007', '0000004001', '2017-02-08', 6),
('0000004001008', '0000004001', '2017-02-09', 6),
('0000004001009', '0000004001', '2017-02-10', 6),
('0000004001010', '0000004001', '2017-02-11', 6),
('0000004001011', '0000004001', '2017-02-12', 6),
('0000004001012', '0000004001', '2017-02-13', 6),
('0000004001013', '0000004001', '2017-02-14', 6),
('0000004001014', '0000004001', '2017-02-15', 6),
('0000004001015', '0000004001', '2017-02-16', 6),
('0000004001016', '0000004001', '2017-02-17', 6),
('0000004001017', '0000004001', '2017-02-18', 6),
('0000004001018', '0000004001', '2017-02-19', 6),
('0000004001019', '0000004001', '2017-02-20', 6),
('0000004001020', '0000004001', '2017-02-21', 6),
('0000004001021', '0000004001', '2017-02-22', 6),
('0000004001022', '0000004001', '2017-02-23', 6),
('0000004001023', '0000004001', '2017-02-24', 6),
('0000004001024', '0000004001', '2017-02-25', 6),
('0000004001025', '0000004001', '2017-02-26', 6),
('0000004001026', '0000004001', '2017-02-27', 6),
('0000004001027', '0000004001', '2017-02-28', 6),
('0000004001028', '0000004001', '2017-03-01', 6),
('0000004001029', '0000004001', '2017-03-02', 6),
('0000004001030', '0000004001', '2017-03-03', 6),
('0000004001031', '0000004001', '2017-03-04', 6),
('0000004001032', '0000004001', '2017-03-05', 6),
('0000004001033', '0000004001', '2017-03-06', 6),
('0000004001034', '0000004001', '2017-03-07', 6),
('0000004001035', '0000004001', '2017-03-08', 6),
('0000004001036', '0000004001', '2017-03-09', 6),
('0000004001037', '0000004001', '2017-03-10', 6),
('0000004001038', '0000004001', '2017-03-11', 6),
('0000004001039', '0000004001', '2017-03-12', 6),
('0000004001040', '0000004001', '2017-03-13', 6),
('0000004001041', '0000004001', '2017-03-14', 6),
('0000004001042', '0000004001', '2017-03-15', 6),
('0000004001043', '0000004001', '2017-03-16', 6),
('0000004001044', '0000004001', '2017-03-17', 6),
('0000004001045', '0000004001', '2017-03-18', 6),
('0000004001046', '0000004001', '2017-03-19', 6),
('0000004001047', '0000004001', '2017-03-20', 6),
('0000004001048', '0000004001', '2017-03-21', 6),
('0000004001049', '0000004001', '2017-03-22', 6);

--
-- Indexes for dumped tables
--

--
-- Indexes for table `Account`
--
ALTER TABLE `Account`
  ADD PRIMARY KEY (`account`),
  ADD UNIQUE KEY `Account_account_uindex` (`account`);

--
-- Indexes for table `App`
--
ALTER TABLE `App`
  ADD PRIMARY KEY (`id`);

--
-- Indexes for table `Application`
--
ALTER TABLE `Application`
  ADD PRIMARY KEY (`id`),
  ADD UNIQUE KEY `Application_id_uindex` (`id`);

--
-- Indexes for table `BookOrder`
--
ALTER TABLE `BookOrder`
  ADD PRIMARY KEY (`id`),
  ADD UNIQUE KEY `Order_id_uindex` (`id`);

--
-- Indexes for table `FinanceRecord`
--
ALTER TABLE `FinanceRecord`
  ADD PRIMARY KEY (`id`),
  ADD UNIQUE KEY `FinanceRecord_id_uindex` (`id`);

--
-- Indexes for table `Hostel`
--
ALTER TABLE `Hostel`
  ADD PRIMARY KEY (`id`),
  ADD UNIQUE KEY `Hostel_username_uindex` (`username`),
  ADD UNIQUE KEY `Hostel_id_uindex` (`id`);

--
-- Indexes for table `HostelRoom`
--
ALTER TABLE `HostelRoom`
  ADD PRIMARY KEY (`id`),
  ADD UNIQUE KEY `HostelRoom_id_uindex` (`id`);

--
-- Indexes for table `Level`
--
ALTER TABLE `Level`
  ADD PRIMARY KEY (`id`),
  ADD UNIQUE KEY `Level_id_uindex` (`id`);

--
-- Indexes for table `Manager`
--
ALTER TABLE `Manager`
  ADD PRIMARY KEY (`id`),
  ADD UNIQUE KEY `Manager_username_uindex` (`username`),
  ADD UNIQUE KEY `Manager_id_uindex` (`id`);

--
-- Indexes for table `Member`
--
ALTER TABLE `Member`
  ADD PRIMARY KEY (`id`),
  ADD UNIQUE KEY `Member_id_uindex` (`id`),
  ADD UNIQUE KEY `Member_username_uindex` (`username`);

--
-- Indexes for table `OrderRoom`
--
ALTER TABLE `OrderRoom`
  ADD PRIMARY KEY (`id`),
  ADD UNIQUE KEY `OrderRoom_id_uindex` (`id`);

--
-- Indexes for table `RoomStock`
--
ALTER TABLE `RoomStock`
  ADD PRIMARY KEY (`id`),
  ADD UNIQUE KEY `RoomStock_id_uindex` (`id`);

/*!40101 SET CHARACTER_SET_CLIENT=@OLD_CHARACTER_SET_CLIENT */;
/*!40101 SET CHARACTER_SET_RESULTS=@OLD_CHARACTER_SET_RESULTS */;
/*!40101 SET COLLATION_CONNECTION=@OLD_COLLATION_CONNECTION */;
